"Name","AccountNumber","BillingStreet","BillingCity","BillingCountry","BillingPostalCode","Phone","Website","ACC_P01_Id__c"
"Marriot Utrecht","ACC0001","Sonny Rollingstraat 232","Utrecht","NL","3543 GR","+31 645061135","http://www.marriotutrecht.nl","ACC0001"
"Kinderdagverblijf Piccolo","ACC0002","Sonny Rollingstraat 75","Utrecht","NL","3543 GR","+31 307600350","https://www.kmnkindenco.nl/","ACC0002"
"Coiffeur Terwijde Leidsche Rijn","ACC0003","Louis Armstronglaan 400","Utrecht","NL","3543 EB","+31 308883094",,"ACC0003"
"ASW Utrecht","ACC0004","Louis Armstronglaan 408","Utrecht","NL","3543 EB","+31 307522248","https://aswutrecht.nl/","ACC0004"
"Wilcken Design & Photography","ACC0005","John Coltranestraat 86","Utrecht","NL","3543 GN","+31 306624396","http://www.harrywilcken.nl/","ACC0005"
"Thomas Jongbloed Fotografie & Videografie","ACC0006","Duke Ellingtonstraat 102","Utrecht","NL","3543 GK","+31 623727416",,"ACC0006"
"Echocentrum Leidsche Rijn","ACC0007","Louis Armstronglaan 7","Utrecht","NL","3543 EB","+31 306868196","http://www.echocentrumleidscherijn.nl/","ACC0007"
"Newstyle Healthcenters Leidsche Rijn","ACC0008","Fletcher Hendersonstraat 47","Utrecht","NL","3543 GL","+31 881661028","https://www.newstylehealthcenters.com/","ACC0008"
"St. Antonius Hospital Utrecht","ACC0009","Soestwetering 1","Utrecht","NL","3543 AZ","+31 883203000","https://www.antoniusziekenhuis.nl/","ACC0009"
"Oracle Netherlands","ACC0010","Hertogswetering 163","Utrecht","NL","3543 AS","+31 306699000","http://www.oracle.com/nl","ACC0010"
"Voedselbank Leidsche Rijn","ACC0011","Belcampostraat 12","Utrecht","NL","3544 NG","+31 621492637","http://voedselbankplusleidscherijn.nl/","ACC0011"
"Reinaerde Heivlinder","ACC0012","Heivlinder 30","Utrecht","NL","3544 DM","+31 306705547",,"ACC0012"
"Advanced Security Systems","ACC0013","Agaatvlindersingel 17","Utrecht","NL","3544 ZA","+31 774422440","https://www.advancedsecuritysystems.nl/","ACC0013"
"Love Letterpress","ACC0014","Kolibrievlinder 9","Utrecht","NL","3544 ZE","+31 612275919","http://www.loveletterpress.nl/","ACC0014"
"GS Finance","ACC0015","Luzernevlinder 10","Utrecht","NL","3544 DK","+31 612275920","http://www.gsfinance.nl/","ACC0015"
"BMZ Music","ACC0016","Anton Koolhaasstraat 21","Utrecht","NL","3544 HV","+31 302072087","http://www.bmzmusic.nl/","ACC0016"
"Theorie Academie","ACC0017","Dick Brunasingel 57","Utrecht","NL","3544 DB","+31 306868200",,"ACC0017"
