"Pricebook2Id","Product2Id","ProductCode","UnitPrice","IsActive"
"01s17000003eHjsAAE","01t1700000ATWeFAAX","PRD001","114.00","TRUE"
"01s17000003eHjsAAE","01t1700000ATWeGAAX","PRD002","418.00","TRUE"
"01s17000003eHjsAAE","01t1700000ATWeHAAX","PRD003","495.00","TRUE"
"01s17000003eHjsAAE","01t1700000ATWeIAAX","PRD004","85.00","TRUE"
"01s17000003eHjsAAE","01t1700000ATWeJAAX","PRD005","451.00","TRUE"
"01s17000003eHjsAAE","01t1700000ATWeKAAX","PRD006","99.00","TRUE"
"01s17000003eHjsAAE","01t1700000ATWeLAAX","PRD007","164.00","TRUE"
"01s17000003eHjsAAE","01t1700000ATWeMAAX","PRD008","200.00","TRUE"
"01s17000003eHjsAAE","01t1700000ATWeNAAX","PRD009","174.00","TRUE"
"01s17000003eHjsAAE","01t1700000ATWeOAAX","PRD010","221.00","TRUE"
"01s17000003eHjsAAE","01t1700000ATWePAAX","PRD011","214.00","TRUE"
"01s17000003eHjsAAE","01t1700000ATWeQAAX","PRD012","153.00","TRUE"
"01s17000003eHjsAAE","01t1700000ATWeRAAX","PRD013","66.00","TRUE"
"01s17000003eHjsAAE","01t1700000ATWeSAAX","PRD014","186.00","TRUE"
"01s17000003eHjsAAE","01t1700000ATWeTAAX","PRD015","248.00","TRUE"
"01s17000003eHjsAAE","01t1700000ATWeUAAX","PRD016","161.00","TRUE"
"01s17000003eHjsAAE","01t1700000ATWeVAAX","PRD017","246.00","TRUE"
"01s17000003eHjsAAE","01t1700000ATWeWAAX","PRD018","407.00","TRUE"
"01s17000003eHjsAAE","01t1700000ATWeXAAX","PRD019","470.00","TRUE"
"01s17000003eHjsAAE","01t1700000ATWeYAAX","PRD020","61.00","TRUE"
"01s17000003eHjsAAE","01t1700000ATWeZAAX","PRD021","349.00","TRUE"
"01s17000003eHjsAAE","01t1700000ATWeaAAH","PRD022","59.00","TRUE"
"01s17000003eHjsAAE","01t1700000ATWebAAH","PRD023","424.00","TRUE"
"01s17000003eHjsAAE","01t1700000ATWecAAH","PRD024","367.00","TRUE"
"01s17000003eHjsAAE","01t1700000ATWedAAH","PRD025","192.00","TRUE"
"01s17000003eHjsAAE","01t1700000ATWeeAAH","PRD026","236.00","TRUE"
"01s17000003eHjsAAE","01t1700000ATWefAAH","PRD027","145.00","TRUE"
"01s17000003eHjsAAE","01t1700000ATWegAAH","PRD028","202.00","TRUE"
"01s17000003eHjsAAE","01t1700000ATWehAAH","PRD029","464.00","TRUE"
"01s17000003eHjsAAE","01t1700000ATWeiAAH","PRD030","315.00","TRUE"
"01s17000003eHjsAAE","01t1700000ATWejAAH","PRD031","430.00","TRUE"
"01s17000003eHjsAAE","01t1700000ATWekAAH","PRD032","312.00","TRUE"
"01s17000003eHjsAAE","01t1700000ATWelAAH","PRD033","495.00","TRUE"
"01s17000003eHjsAAE","01t1700000ATWemAAH","PRD034","380.00","TRUE"
"01s17000003eHjsAAE","01t1700000ATWenAAH","PRD035","397.00","TRUE"
"01s17000003eHjsAAE","01t1700000ATWeoAAH","PRD036","237.00","TRUE"
"01s17000003eHjsAAE","01t1700000ATWepAAH","PRD037","369.00","TRUE"
"01s17000003eHjsAAE","01t1700000ATWeqAAH","PRD038","472.00","TRUE"
"01s17000003eHjsAAE","01t1700000ATWerAAH","PRD039","432.00","TRUE"
"01s17000003eHjsAAE","01t1700000ATWesAAH","PRD040","438.00","TRUE"
"01s17000003eHjsAAE","01t1700000ATWetAAH","PRD041","341.00","TRUE"
"01s17000003eHjsAAE","01t1700000ATWeuAAH","PRD042","451.00","TRUE"
"01s17000003eHjsAAE","01t1700000ATWevAAH","PRD043","265.00","TRUE"
"01s17000003eHjsAAE","01t1700000ATWewAAH","PRD044","463.00","TRUE"
"01s17000003eHjsAAE","01t1700000ATWexAAH","PRD045","206.00","TRUE"
"01s17000003eHjsAAE","01t1700000ATWeyAAH","PRD046","262.00","TRUE"
"01s17000003eHjsAAE","01t1700000ATWezAAH","PRD047","478.00","TRUE"
"01s17000003eHjsAAE","01t1700000ATWf0AAH","PRD048","158.00","TRUE"
"01s17000003eHjsAAE","01t1700000ATWf1AAH","PRD049","394.00","TRUE"
"01s17000003eHjsAAE","01t1700000ATWf2AAH","PRD050","464.00","TRUE"
"01s17000003eHjsAAE","01t1700000ATWf3AAH","PRD051","455.00","TRUE"
"01s17000003eHjsAAE","01t1700000ATWf4AAH","PRD052","446.00","TRUE"
"01s17000003eHjsAAE","01t1700000ATWf5AAH","PRD053","191.00","TRUE"
"01s17000003eHjsAAE","01t1700000ATWf6AAH","PRD054","352.00","TRUE"
"01s17000003eHjsAAE","01t1700000ATWf7AAH","PRD055","314.00","TRUE"
"01s17000003eHjsAAE","01t1700000ATWf8AAH","PRD056","421.00","TRUE"
"01s17000003eHjsAAE","01t1700000ATWf9AAH","PRD057","205.00","TRUE"
"01s17000003eHjsAAE","01t1700000ATWfAAAX","PRD058","299.00","TRUE"
"01s17000003eHjsAAE","01t1700000ATWfBAAX","PRD059","276.00","TRUE"
"01s17000003eHjsAAE","01t1700000ATWfCAAX","PRD060","307.00","TRUE"
"01s17000003eHjsAAE","01t1700000ATWfDAAX","PRD061","482.00","TRUE"
"01s17000003eHjsAAE","01t1700000ATWfEAAX","PRD062","409.00","TRUE"
"01s17000003eHjsAAE","01t1700000ATWfFAAX","PRD063","363.00","TRUE"
"01s17000003eHjsAAE","01t1700000ATWfGAAX","PRD064","164.00","TRUE"
"01s17000003eHjsAAE","01t1700000ATWfHAAX","PRD065","468.00","TRUE"
"01s17000003eHjsAAE","01t1700000ATWfIAAX","PRD066","381.00","TRUE"
"01s17000003eHjsAAE","01t1700000ATWfJAAX","PRD067","71.00","TRUE"
"01s17000003eHjsAAE","01t1700000ATWfKAAX","PRD068","117.00","TRUE"
"01s17000003eHjsAAE","01t1700000ATWfLAAX","PRD069","230.00","TRUE"
"01s17000003eHjsAAE","01t1700000ATWfMAAX","PRD070","271.00","TRUE"
"01s17000003eHjsAAE","01t1700000ATWfNAAX","PRD071","161.00","TRUE"
"01s17000003eHjsAAE","01t1700000ATWfOAAX","PRD072","248.00","TRUE"
"01s17000003eHjsAAE","01t1700000ATWfPAAX","PRD073","91.00","TRUE"
"01s17000003eHjsAAE","01t1700000ATWfQAAX","PRD074","445.00","TRUE"
"01s17000003eHjsAAE","01t1700000ATWfRAAX","PRD075","284.00","TRUE"
"01s17000003eHjsAAE","01t1700000ATWfSAAX","PRD076","442.00","TRUE"
"01s17000003eHjsAAE","01t1700000ATWfTAAX","PRD077","207.00","TRUE"
"01s17000003eHjsAAE","01t1700000ATWfUAAX","PRD078","199.00","TRUE"
"01s17000003eHjsAAE","01t1700000ATWfVAAX","PRD079","170.00","TRUE"
"01s17000003eHjsAAE","01t1700000ATWfWAAX","PRD080","448.00","TRUE"
"01s17000003eHjsAAE","01t1700000ATWfXAAX","PRD081","420.00","TRUE"
"01s17000003eHjsAAE","01t1700000ATWfYAAX","PRD082","423.00","TRUE"
"01s17000003eHjsAAE","01t1700000ATWfZAAX","PRD083","183.00","TRUE"
"01s17000003eHjsAAE","01t1700000ATWfaAAH","PRD084","284.00","TRUE"
"01s17000003eHjsAAE","01t1700000ATWfbAAH","PRD085","61.00","TRUE"
"01s17000003eHjsAAE","01t1700000ATWfcAAH","PRD086","346.00","TRUE"
"01s17000003eHjsAAE","01t1700000ATWfdAAH","PRD087","126.00","TRUE"
"01s17000003eHjsAAE","01t1700000ATWfeAAH","PRD088","487.00","TRUE"
"01s17000003eHjsAAE","01t1700000ATWffAAH","PRD089","440.00","TRUE"
"01s17000003eHjsAAE","01t1700000ATWfgAAH","PRD090","370.00","TRUE"
"01s17000003eHjsAAE","01t1700000ATWfhAAH","PRD091","459.00","TRUE"
"01s17000003eHjsAAE","01t1700000ATWfiAAH","PRD092","202.00","TRUE"
"01s17000003eHjsAAE","01t1700000ATWfjAAH","PRD093","369.00","TRUE"
"01s17000003eHjsAAE","01t1700000ATWfkAAH","PRD094","251.00","TRUE"
"01s17000003eHjsAAE","01t1700000ATWflAAH","PRD095","305.00","TRUE"
"01s17000003eHjsAAE","01t1700000ATWfmAAH","PRD096","238.00","TRUE"
"01s17000003eHjsAAE","01t1700000ATWfnAAH","PRD097","162.00","TRUE"
"01s17000003eHjsAAE","01t1700000ATWfoAAH","PRD098","131.00","TRUE"
"01s17000003eHjsAAE","01t1700000ATWfpAAH","PRD099","494.00","TRUE"
"01s17000003eHjsAAE","01t1700000ATWfqAAH","PRD100","117.00","TRUE"
"01s17000003eHjsAAE","01t1700000ATWfrAAH","PRD101","63.00","TRUE"
"01s17000003eHjsAAE","01t1700000ATWfsAAH","PRD102","118.00","TRUE"
"01s17000003eHjsAAE","01t1700000ATWftAAH","PRD103","127.00","TRUE"
"01s17000003eHjsAAE","01t1700000ATWfuAAH","PRD104","354.00","TRUE"
"01s17000003eHjsAAE","01t1700000ATWfvAAH","PRD105","481.00","TRUE"
"01s17000003eHjsAAE","01t1700000ATWfwAAH","PRD106","399.00","TRUE"
"01s17000003eHjsAAE","01t1700000ATWfxAAH","PRD107","121.00","TRUE"
"01s17000003eHjsAAE","01t1700000ATWfyAAH","PRD108","216.00","TRUE"
"01s17000003eHjsAAE","01t1700000ATWfzAAH","PRD109","164.00","TRUE"
"01s17000003eHjsAAE","01t1700000ATWg0AAH","PRD110","340.00","TRUE"
"01s17000003eHjsAAE","01t1700000ATWg1AAH","PRD111","299.00","TRUE"
"01s17000003eHjsAAE","01t1700000ATWg2AAH","PRD112","239.00","TRUE"
"01s17000003eHjsAAE","01t1700000ATWg3AAH","PRD113","257.00","TRUE"
"01s17000003eHjsAAE","01t1700000ATWg4AAH","PRD114","240.00","TRUE"
"01s17000003eHjsAAE","01t1700000ATWg5AAH","PRD115","385.00","TRUE"
"01s17000003eHjsAAE","01t1700000ATWg6AAH","PRD116","412.00","TRUE"
"01s17000003eHjsAAE","01t1700000ATWg7AAH","PRD117","294.00","TRUE"
"01s17000003eHjsAAE","01t1700000ATWg8AAH","PRD118","245.00","TRUE"
"01s17000003eHjsAAE","01t1700000ATWg9AAH","PRD119","447.00","TRUE"
"01s17000003eHjsAAE","01t1700000ATWgAAAX","PRD120","178.00","TRUE"
"01s17000003eHjsAAE","01t1700000ATWgBAAX","PRD121","479.00","TRUE"
"01s17000003eHjsAAE","01t1700000ATWgCAAX","PRD122","464.00","TRUE"
"01s17000003eHjsAAE","01t1700000ATWgDAAX","PRD123","381.00","TRUE"
"01s17000003eHjsAAE","01t1700000ATWgEAAX","PRD124","440.00","TRUE"
"01s17000003eHjsAAE","01t1700000ATWgFAAX","PRD125","428.00","TRUE"
"01s17000003eHjsAAE","01t1700000ATWgGAAX","PRD126","204.00","TRUE"
"01s17000003eHjsAAE","01t1700000ATWgHAAX","PRD127","429.00","TRUE"
"01s17000003eHjsAAE","01t1700000ATWgIAAX","PRD128","251.00","TRUE"
"01s17000003eHjsAAE","01t1700000ATWgJAAX","PRD129","348.00","TRUE"
"01s17000003eHjsAAE","01t1700000ATWgKAAX","PRD130","239.00","TRUE"
"01s17000003eHjsAAE","01t1700000ATWgLAAX","PRD131","429.00","TRUE"
"01s17000003eHjsAAE","01t1700000ATWgMAAX","PRD132","364.00","TRUE"
"01s17000003eHjsAAE","01t1700000ATWgNAAX","PRD133","461.00","TRUE"
"01s17000003eHjsAAE","01t1700000ATWgOAAX","PRD134","171.00","TRUE"
"01s17000003eHjsAAE","01t1700000ATWgPAAX","PRD135","427.00","TRUE"
"01s17000003eHjsAAE","01t1700000ATWgQAAX","PRD136","389.00","TRUE"
"01s17000003eHjsAAE","01t1700000ATWgRAAX","PRD137","145.00","TRUE"
"01s17000003eHjsAAE","01t1700000ATWgSAAX","PRD138","362.00","TRUE"
"01s17000003eHjsAAE","01t1700000ATWgTAAX","PRD139","188.00","TRUE"
"01s17000003eHjsAAE","01t1700000ATWgUAAX","PRD140","425.00","TRUE"
"01s17000003eHjsAAE","01t1700000ATWgVAAX","PRD141","170.00","TRUE"
"01s17000003eHjsAAE","01t1700000ATWgWAAX","PRD142","263.00","TRUE"
"01s17000003eHjsAAE","01t1700000ATWgXAAX","PRD143","264.00","TRUE"
"01s17000003eHjsAAE","01t1700000ATWgYAAX","PRD144","450.00","TRUE"
"01s17000003eHjsAAE","01t1700000ATWgZAAX","PRD145","197.00","TRUE"
"01s17000003eHjsAAE","01t1700000ATWgaAAH","PRD146","442.00","TRUE"
"01s17000003eHjsAAE","01t1700000ATWgbAAH","PRD147","133.00","TRUE"
"01s17000003eHjsAAE","01t1700000ATWgcAAH","PRD148","352.00","TRUE"
"01s17000003eHjsAAE","01t1700000ATWgdAAH","PRD149","193.00","TRUE"
"01s17000003eHjsAAE","01t1700000ATWgeAAH","PRD150","324.00","TRUE"
"01s17000003eHjsAAE","01t1700000ATWgfAAH","PRD151","343.00","TRUE"
"01s17000003eHjsAAE","01t1700000ATWggAAH","PRD152","425.00","TRUE"
"01s17000003eHjsAAE","01t1700000ATWghAAH","PRD153","201.00","TRUE"
"01s17000003eHjsAAE","01t1700000ATWgiAAH","PRD154","52.00","TRUE"
"01s17000003eHjsAAE","01t1700000ATWgjAAH","PRD155","282.00","TRUE"
"01s17000003eHjsAAE","01t1700000ATWgkAAH","PRD156","153.00","TRUE"
"01s17000003eHjsAAE","01t1700000ATWglAAH","PRD157","392.00","TRUE"
"01s17000003eHjsAAE","01t1700000ATWgmAAH","PRD158","64.00","TRUE"
"01s17000003eHjsAAE","01t1700000ATWgnAAH","PRD159","201.00","TRUE"
"01s17000003eHjsAAE","01t1700000ATWgoAAH","PRD160","261.00","TRUE"
"01s17000003eHjsAAE","01t1700000ATWgpAAH","PRD161","87.00","TRUE"
"01s17000003eHjsAAE","01t1700000ATWgqAAH","PRD162","145.00","TRUE"
"01s17000003eHjsAAE","01t1700000ATWgrAAH","PRD163","280.00","TRUE"
"01s17000003eHjsAAE","01t1700000ATWgsAAH","PRD164","159.00","TRUE"
"01s17000003eHjsAAE","01t1700000ATWgtAAH","PRD165","470.00","TRUE"
"01s17000003eHjsAAE","01t1700000ATWguAAH","PRD166","278.00","TRUE"
"01s17000003eHjsAAE","01t1700000ATWgvAAH","PRD167","183.00","TRUE"
"01s17000003eHjsAAE","01t1700000ATWgwAAH","PRD168","447.00","TRUE"
"01s17000003eHjsAAE","01t1700000ATWgxAAH","PRD169","281.00","TRUE"
"01s17000003eHjsAAE","01t1700000ATWgyAAH","PRD170","135.00","TRUE"
"01s17000003eHjsAAE","01t1700000ATWgzAAH","PRD171","453.00","TRUE"
"01s17000003eHjsAAE","01t1700000ATWh0AAH","PRD172","84.00","TRUE"
"01s17000003eHjsAAE","01t1700000ATWh1AAH","PRD173","478.00","TRUE"
"01s17000003eHjsAAE","01t1700000ATWh2AAH","PRD174","54.00","TRUE"
"01s17000003eHjsAAE","01t1700000ATWh3AAH","PRD175","155.00","TRUE"
"01s17000003eHjsAAE","01t1700000ATWh4AAH","PRD176","415.00","TRUE"
"01s17000003eHjsAAE","01t1700000ATWh5AAH","PRD177","339.00","TRUE"
"01s17000003eHjsAAE","01t1700000ATWh6AAH","PRD178","205.00","TRUE"
"01s17000003eHjsAAE","01t1700000ATWh7AAH","PRD179","86.00","TRUE"
"01s17000003eHjsAAE","01t1700000ATWh8AAH","PRD180","113.00","TRUE"
"01s17000003eHjsAAE","01t1700000ATWh9AAH","PRD181","304.00","TRUE"
"01s17000003eHjsAAE","01t1700000ATWhAAAX","PRD182","281.00","TRUE"
"01s17000003eHjsAAE","01t1700000ATWhBAAX","PRD183","113.00","TRUE"
"01s17000003eHjsAAE","01t1700000ATWhCAAX","PRD184","93.00","TRUE"
"01s17000003eHjsAAE","01t1700000ATWhDAAX","PRD185","122.00","TRUE"
"01s17000003eHjsAAE","01t1700000ATWhEAAX","PRD186","212.00","TRUE"
"01s17000003eHjsAAE","01t1700000ATWhFAAX","PRD187","221.00","TRUE"
"01s17000003eHjsAAE","01t1700000ATWhGAAX","PRD188","333.00","TRUE"
"01s17000003eHjsAAE","01t1700000ATWhHAAX","PRD189","295.00","TRUE"
"01s17000003eHjsAAE","01t1700000ATWhIAAX","PRD190","229.00","TRUE"
"01s17000003eHjsAAE","01t1700000ATWhJAAX","PRD191","235.00","TRUE"
"01s17000003eHjsAAE","01t1700000ATWhKAAX","PRD192","105.00","TRUE"
"01s17000003eHjsAAE","01t1700000ATWhLAAX","PRD193","325.00","TRUE"
"01s17000003eHjsAAE","01t1700000ATWhMAAX","PRD194","315.00","TRUE"
"01s17000003eHjsAAE","01t1700000ATWhNAAX","PRD195","425.00","TRUE"
"01s17000003eHjsAAE","01t1700000ATWhOAAX","PRD196","131.00","TRUE"
"01s17000003eHjsAAE","01t1700000ATWhPAAX","PRD197","263.00","TRUE"
"01s17000003eHjsAAE","01t1700000ATWhQAAX","PRD198","313.00","TRUE"
"01s17000003eHjsAAE","01t1700000ATWhRAAX","PRD199","52.00","TRUE"
"01s17000003eHjsAAE","01t1700000ATWhSAAX","PRD200","70.00","TRUE"
"01s17000003eHjsAAE","01t1700000ATWhTAAX","PRD201","266.00","TRUE"
"01s17000003eHjsAAE","01t1700000ATWhUAAX","PRD202","174.00","TRUE"
"01s17000003eHjsAAE","01t1700000ATWhVAAX","PRD203","136.00","TRUE"
"01s17000003eHjsAAE","01t1700000ATWhWAAX","PRD204","326.00","TRUE"
"01s17000003eHjsAAE","01t1700000ATWhXAAX","PRD205","346.00","TRUE"
"01s17000003eHjsAAE","01t1700000ATWhYAAX","PRD206","293.00","TRUE"
"01s17000003eHjsAAE","01t1700000ATWhZAAX","PRD207","88.00","TRUE"
"01s17000003eHjsAAE","01t1700000ATWhaAAH","PRD208","497.00","TRUE"
"01s17000003eHjsAAE","01t1700000ATWhbAAH","PRD209","374.00","TRUE"
"01s17000003eHjsAAE","01t1700000ATWhcAAH","PRD210","144.00","TRUE"
