"PRD_P01_Id__c","ProductCode","Name","IsActive"
"PRD001","PRD001","ProductOrService_0001",1
"PRD002","PRD002","ProductOrService_0002",1
"PRD003","PRD003","ProductOrService_0003",1
"PRD004","PRD004","ProductOrService_0004",1
"PRD005","PRD005","ProductOrService_0005",1
"PRD006","PRD006","ProductOrService_0006",1
"PRD007","PRD007","ProductOrService_0007",1
"PRD008","PRD008","ProductOrService_0008",1
"PRD009","PRD009","ProductOrService_0009",1
"PRD010","PRD010","ProductOrService_0010",1
"PRD011","PRD011","ProductOrService_0011",1
"PRD012","PRD012","ProductOrService_0012",1
"PRD013","PRD013","ProductOrService_0013",1
"PRD014","PRD014","ProductOrService_0014",1
"PRD015","PRD015","ProductOrService_0015",1
"PRD016","PRD016","ProductOrService_0016",1
"PRD017","PRD017","ProductOrService_0017",1
"PRD018","PRD018","ProductOrService_0018",1
"PRD019","PRD019","ProductOrService_0019",1
"PRD020","PRD020","ProductOrService_0020",1
"PRD021","PRD021","ProductOrService_0021",1
"PRD022","PRD022","ProductOrService_0022",1
"PRD023","PRD023","ProductOrService_0023",1
"PRD024","PRD024","ProductOrService_0024",1
"PRD025","PRD025","ProductOrService_0025",1
"PRD026","PRD026","ProductOrService_0026",1
"PRD027","PRD027","ProductOrService_0027",1
"PRD028","PRD028","ProductOrService_0028",1
"PRD029","PRD029","ProductOrService_0029",1
"PRD030","PRD030","ProductOrService_0030",1
"PRD031","PRD031","ProductOrService_0031",1
"PRD032","PRD032","ProductOrService_0032",1
"PRD033","PRD033","ProductOrService_0033",1
"PRD034","PRD034","ProductOrService_0034",1
"PRD035","PRD035","ProductOrService_0035",1
"PRD036","PRD036","ProductOrService_0036",1
"PRD037","PRD037","ProductOrService_0037",1
"PRD038","PRD038","ProductOrService_0038",1
"PRD039","PRD039","ProductOrService_0039",1
"PRD040","PRD040","ProductOrService_0040",1
"PRD041","PRD041","ProductOrService_0041",1
"PRD042","PRD042","ProductOrService_0042",1
"PRD043","PRD043","ProductOrService_0043",1
"PRD044","PRD044","ProductOrService_0044",1
"PRD045","PRD045","ProductOrService_0045",1
"PRD046","PRD046","ProductOrService_0046",1
"PRD047","PRD047","ProductOrService_0047",1
"PRD048","PRD048","ProductOrService_0048",1
"PRD049","PRD049","ProductOrService_0049",1
"PRD050","PRD050","ProductOrService_0050",1
"PRD051","PRD051","ProductOrService_0051",1
"PRD052","PRD052","ProductOrService_0052",1
"PRD053","PRD053","ProductOrService_0053",1
"PRD054","PRD054","ProductOrService_0054",1
"PRD055","PRD055","ProductOrService_0055",1
"PRD056","PRD056","ProductOrService_0056",1
"PRD057","PRD057","ProductOrService_0057",1
"PRD058","PRD058","ProductOrService_0058",1
"PRD059","PRD059","ProductOrService_0059",1
"PRD060","PRD060","ProductOrService_0060",1
"PRD061","PRD061","ProductOrService_0061",1
"PRD062","PRD062","ProductOrService_0062",1
"PRD063","PRD063","ProductOrService_0063",1
"PRD064","PRD064","ProductOrService_0064",1
"PRD065","PRD065","ProductOrService_0065",1
"PRD066","PRD066","ProductOrService_0066",1
"PRD067","PRD067","ProductOrService_0067",1
"PRD068","PRD068","ProductOrService_0068",1
"PRD069","PRD069","ProductOrService_0069",1
"PRD070","PRD070","ProductOrService_0070",1
"PRD071","PRD071","ProductOrService_0071",1
"PRD072","PRD072","ProductOrService_0072",1
"PRD073","PRD073","ProductOrService_0073",1
"PRD074","PRD074","ProductOrService_0074",1
"PRD075","PRD075","ProductOrService_0075",1
"PRD076","PRD076","ProductOrService_0076",1
"PRD077","PRD077","ProductOrService_0077",1
"PRD078","PRD078","ProductOrService_0078",1
"PRD079","PRD079","ProductOrService_0079",1
"PRD080","PRD080","ProductOrService_0080",1
"PRD081","PRD081","ProductOrService_0081",1
"PRD082","PRD082","ProductOrService_0082",1
"PRD083","PRD083","ProductOrService_0083",1
"PRD084","PRD084","ProductOrService_0084",1
"PRD085","PRD085","ProductOrService_0085",1
"PRD086","PRD086","ProductOrService_0086",1
"PRD087","PRD087","ProductOrService_0087",1
"PRD088","PRD088","ProductOrService_0088",1
"PRD089","PRD089","ProductOrService_0089",1
"PRD090","PRD090","ProductOrService_0090",1
"PRD091","PRD091","ProductOrService_0091",1
"PRD092","PRD092","ProductOrService_0092",1
"PRD093","PRD093","ProductOrService_0093",1
"PRD094","PRD094","ProductOrService_0094",1
"PRD095","PRD095","ProductOrService_0095",1
"PRD096","PRD096","ProductOrService_0096",1
"PRD097","PRD097","ProductOrService_0097",1
"PRD098","PRD098","ProductOrService_0098",1
"PRD099","PRD099","ProductOrService_0099",1
"PRD100","PRD100","ProductOrService_0100",1
"PRD101","PRD101","ProductOrService_0101",1
"PRD102","PRD102","ProductOrService_0102",1
"PRD103","PRD103","ProductOrService_0103",1
"PRD104","PRD104","ProductOrService_0104",1
"PRD105","PRD105","ProductOrService_0105",1
"PRD106","PRD106","ProductOrService_0106",1
"PRD107","PRD107","ProductOrService_0107",1
"PRD108","PRD108","ProductOrService_0108",1
"PRD109","PRD109","ProductOrService_0109",1
"PRD110","PRD110","ProductOrService_0110",1
"PRD111","PRD111","ProductOrService_0111",1
"PRD112","PRD112","ProductOrService_0112",1
"PRD113","PRD113","ProductOrService_0113",1
"PRD114","PRD114","ProductOrService_0114",1
"PRD115","PRD115","ProductOrService_0115",1
"PRD116","PRD116","ProductOrService_0116",1
"PRD117","PRD117","ProductOrService_0117",1
"PRD118","PRD118","ProductOrService_0118",1
"PRD119","PRD119","ProductOrService_0119",1
"PRD120","PRD120","ProductOrService_0120",1
"PRD121","PRD121","ProductOrService_0121",1
"PRD122","PRD122","ProductOrService_0122",1
"PRD123","PRD123","ProductOrService_0123",1
"PRD124","PRD124","ProductOrService_0124",1
"PRD125","PRD125","ProductOrService_0125",1
"PRD126","PRD126","ProductOrService_0126",1
"PRD127","PRD127","ProductOrService_0127",1
"PRD128","PRD128","ProductOrService_0128",1
"PRD129","PRD129","ProductOrService_0129",1
"PRD130","PRD130","ProductOrService_0130",1
"PRD131","PRD131","ProductOrService_0131",1
"PRD132","PRD132","ProductOrService_0132",1
"PRD133","PRD133","ProductOrService_0133",1
"PRD134","PRD134","ProductOrService_0134",1
"PRD135","PRD135","ProductOrService_0135",1
"PRD136","PRD136","ProductOrService_0136",1
"PRD137","PRD137","ProductOrService_0137",1
"PRD138","PRD138","ProductOrService_0138",1
"PRD139","PRD139","ProductOrService_0139",1
"PRD140","PRD140","ProductOrService_0140",1
"PRD141","PRD141","ProductOrService_0141",1
"PRD142","PRD142","ProductOrService_0142",1
"PRD143","PRD143","ProductOrService_0143",1
"PRD144","PRD144","ProductOrService_0144",1
"PRD145","PRD145","ProductOrService_0145",1
"PRD146","PRD146","ProductOrService_0146",1
"PRD147","PRD147","ProductOrService_0147",1
"PRD148","PRD148","ProductOrService_0148",1
"PRD149","PRD149","ProductOrService_0149",1
"PRD150","PRD150","ProductOrService_0150",1
"PRD151","PRD151","ProductOrService_0151",1
"PRD152","PRD152","ProductOrService_0152",1
"PRD153","PRD153","ProductOrService_0153",1
"PRD154","PRD154","ProductOrService_0154",1
"PRD155","PRD155","ProductOrService_0155",1
"PRD156","PRD156","ProductOrService_0156",1
"PRD157","PRD157","ProductOrService_0157",1
"PRD158","PRD158","ProductOrService_0158",1
"PRD159","PRD159","ProductOrService_0159",1
"PRD160","PRD160","ProductOrService_0160",1
"PRD161","PRD161","ProductOrService_0161",1
"PRD162","PRD162","ProductOrService_0162",1
"PRD163","PRD163","ProductOrService_0163",1
"PRD164","PRD164","ProductOrService_0164",1
"PRD165","PRD165","ProductOrService_0165",1
"PRD166","PRD166","ProductOrService_0166",1
"PRD167","PRD167","ProductOrService_0167",1
"PRD168","PRD168","ProductOrService_0168",1
"PRD169","PRD169","ProductOrService_0169",1
"PRD170","PRD170","ProductOrService_0170",1
"PRD171","PRD171","ProductOrService_0171",1
"PRD172","PRD172","ProductOrService_0172",1
"PRD173","PRD173","ProductOrService_0173",1
"PRD174","PRD174","ProductOrService_0174",1
"PRD175","PRD175","ProductOrService_0175",1
"PRD176","PRD176","ProductOrService_0176",1
"PRD177","PRD177","ProductOrService_0177",1
"PRD178","PRD178","ProductOrService_0178",1
"PRD179","PRD179","ProductOrService_0179",1
"PRD180","PRD180","ProductOrService_0180",1
"PRD181","PRD181","ProductOrService_0181",1
"PRD182","PRD182","ProductOrService_0182",1
"PRD183","PRD183","ProductOrService_0183",1
"PRD184","PRD184","ProductOrService_0184",1
"PRD185","PRD185","ProductOrService_0185",1
"PRD186","PRD186","ProductOrService_0186",1
"PRD187","PRD187","ProductOrService_0187",1
"PRD188","PRD188","ProductOrService_0188",1
"PRD189","PRD189","ProductOrService_0189",1
"PRD190","PRD190","ProductOrService_0190",1
"PRD191","PRD191","ProductOrService_0191",1
"PRD192","PRD192","ProductOrService_0192",1
"PRD193","PRD193","ProductOrService_0193",1
"PRD194","PRD194","ProductOrService_0194",1
"PRD195","PRD195","ProductOrService_0195",1
"PRD196","PRD196","ProductOrService_0196",1
"PRD197","PRD197","ProductOrService_0197",1
"PRD198","PRD198","ProductOrService_0198",1
"PRD199","PRD199","ProductOrService_0199",1
"PRD200","PRD200","ProductOrService_0200",1
"PRD201","PRD201","ProductOrService_0201",1
"PRD202","PRD202","ProductOrService_0202",1
"PRD203","PRD203","ProductOrService_0203",1
"PRD204","PRD204","ProductOrService_0204",1
"PRD205","PRD205","ProductOrService_0205",1
"PRD206","PRD206","ProductOrService_0206",1
"PRD207","PRD207","ProductOrService_0207",1
"PRD208","PRD208","ProductOrService_0208",1
"PRD209","PRD209","ProductOrService_0209",1
"PRD210","PRD210","ProductOrService_0210",1
